,pclass,survived,sex,age,sibsp,parch,ticket,fare,male,female
0,1,1,female,29.0,0,0,24160,211.3375,0,1
1,1,1,male,0.9167,1,2,113781,151.55,1,0
2,1,0,female,2.0,1,2,113781,151.55,0,1
3,1,0,male,30.0,1,2,113781,151.55,1,0
4,1,0,female,25.0,1,2,113781,151.55,0,1
5,1,1,male,48.0,0,0,19952,26.55,1,0
6,1,1,female,63.0,1,0,13502,77.9583,0,1
7,1,0,male,39.0,0,0,112050,0.0,1,0
8,1,1,female,53.0,2,0,11769,51.4792,0,1
9,1,0,male,71.0,0,0,PC 17609,49.5042,1,0
10,1,0,male,47.0,1,0,PC 17757,227.525,1,0
11,1,1,female,18.0,1,0,PC 17757,227.525,0,1
12,1,1,female,24.0,0,0,PC 17477,69.3,0,1
13,1,1,female,26.0,0,0,19877,78.85,0,1
14,1,1,male,80.0,0,0,27042,30.0,1,0
15,1,0,male,28.0,0,0,PC 17318,25.925,1,0
16,1,0,male,24.0,0,1,PC 17558,247.5208,1,0
17,1,1,female,50.0,0,1,PC 17558,247.5208,0,1
18,1,1,female,32.0,0,0,11813,76.2917,0,1
19,1,0,male,36.0,0,0,13050,75.2417,1,0
20,1,1,male,37.0,1,1,11751,52.5542,1,0
21,1,1,female,47.0,1,1,11751,52.5542,0,1
22,1,1,male,26.0,0,0,111369,30.0,1,0
23,1,1,female,42.0,0,0,PC 17757,227.525,0,1
24,1,1,female,29.0,0,0,PC 17483,221.7792,0,1
25,1,0,male,25.0,0,0,13905,26.0,1,0
26,1,1,male,25.0,1,0,11967,91.0792,1,0
27,1,1,female,19.0,1,0,11967,91.0792,0,1
28,1,1,female,35.0,0,0,PC 17760,135.6333,0,1
29,1,1,male,28.0,0,0,110564,26.55,1,0
30,1,0,male,45.0,0,0,113784,35.5,1,0
31,1,1,male,40.0,0,0,112277,31.0,1,0
32,1,1,female,30.0,0,0,36928,164.8667,0,1
33,1,1,female,58.0,0,0,113783,26.55,0,1
34,1,0,male,42.0,0,0,110489,26.55,1,0
35,1,1,female,45.0,0,0,PC 17608,262.375,0,1
36,1,1,female,22.0,0,1,113505,55.0,0,1
37,1,1,male,28.0,0,0,111427,26.55,1,0
38,1,0,male,41.0,0,0,113054,30.5,1,0
39,1,0,male,48.0,0,0,PC 17591,50.4958,1,0
40,1,0,male,28.0,0,0,112379,39.6,1,0
41,1,1,female,44.0,0,0,PC 17610,27.7208,0,1
42,1,1,female,59.0,2,0,11769,51.4792,0,1
43,1,1,female,60.0,0,0,11813,76.2917,0,1
44,1,1,female,41.0,0,0,16966,134.5,0,1
45,1,0,male,45.0,0,0,113050,26.55,1,0
46,1,0,male,28.0,0,0,113798,31.0,1,0
47,1,1,male,42.0,0,0,PC 17476,26.2875,1,0
48,1,1,female,53.0,0,0,PC 17606,27.4458,0,1
49,1,1,male,36.0,0,1,PC 17755,512.3292,1,0
50,1,1,female,58.0,0,1,PC 17755,512.3292,0,1
51,1,0,male,33.0,0,0,695,5.0,1,0
52,1,0,male,28.0,0,0,113059,47.1,1,0
53,1,0,male,17.0,0,0,113059,47.1,1,0
54,1,1,male,11.0,1,2,113760,120.0,1,0
55,1,1,female,14.0,1,2,113760,120.0,0,1
56,1,1,male,36.0,1,2,113760,120.0,1,0
57,1,1,female,36.0,1,2,113760,120.0,0,1
58,1,0,male,49.0,0,0,19924,26.0,1,0
59,1,1,female,28.0,0,0,17770,27.7208,0,1
60,1,0,male,36.0,1,0,19877,78.85,1,0
61,1,1,female,76.0,1,0,19877,78.85,0,1
62,1,0,male,46.0,1,0,W.E.P. 5734,61.175,1,0
63,1,1,female,47.0,1,0,W.E.P. 5734,61.175,0,1
64,1,1,male,27.0,1,0,113806,53.1,1,0
65,1,1,female,33.0,1,0,113806,53.1,0,1
66,1,1,female,36.0,0,0,PC 17608,262.375,0,1
67,1,1,female,30.0,0,0,110152,86.5,0,1
68,1,1,male,45.0,0,0,PC 17594,29.7,1,0
69,1,1,female,28.0,0,1,113505,55.0,0,1
70,1,0,male,28.0,0,0,112051,0.0,1,0
71,1,0,male,27.0,1,0,13508,136.7792,1,0
72,1,1,female,26.0,1,0,13508,136.7792,0,1
73,1,1,female,22.0,0,0,113781,151.55,0,1
74,1,0,male,28.0,0,0,110465,52.0,1,0
75,1,0,male,47.0,0,0,5727,25.5875,1,0
76,1,1,female,39.0,1,1,PC 17756,83.1583,0,1
77,1,0,male,37.0,1,1,PC 17756,83.1583,1,0
78,1,1,female,64.0,0,2,PC 17756,83.1583,0,1
79,1,1,female,55.0,2,0,11770,25.7,0,1
80,1,0,male,28.0,0,0,113791,26.55,1,0
81,1,0,male,70.0,1,1,WE/P 5735,71.0,1,0
82,1,1,female,36.0,0,2,WE/P 5735,71.0,0,1
83,1,1,female,64.0,1,1,112901,26.55,0,1
84,1,0,male,39.0,1,0,PC 17599,71.2833,1,0
85,1,1,female,38.0,1,0,PC 17599,71.2833,0,1
86,1,1,male,51.0,0,0,113055,26.55,1,0
87,1,1,male,27.0,0,0,113804,30.5,1,0
88,1,1,female,33.0,0,0,113781,151.55,0,1
89,1,0,male,31.0,1,0,F.C. 12750,52.0,1,0
90,1,1,female,27.0,1,2,F.C. 12750,52.0,0,1
91,1,1,male,31.0,1,0,17474,57.0,1,0
92,1,1,female,17.0,1,0,17474,57.0,0,1
93,1,1,male,53.0,1,1,33638,81.8583,1,0
94,1,1,male,4.0,0,2,33638,81.8583,1,0
95,1,1,female,54.0,1,1,33638,81.8583,0,1
96,1,0,male,50.0,1,0,PC 17761,106.425,1,0
97,1,1,female,27.0,1,1,PC 17558,247.5208,0,1
98,1,1,female,48.0,1,0,PC 17761,106.425,0,1
99,1,1,female,48.0,1,0,11755,39.6,0,1
100,1,1,male,49.0,1,0,PC 17485,56.9292,1,0
101,1,0,male,39.0,0,0,PC 17580,29.7,1,0
102,1,1,female,23.0,0,1,11767,83.1583,0,1
103,1,1,female,38.0,0,0,PC 17757,227.525,0,1
104,1,1,female,54.0,1,0,36947,78.2667,0,1
105,1,0,female,36.0,0,0,PC 17531,31.6792,0,1
106,1,0,male,28.0,0,0,PC 17483,221.7792,1,0
107,1,1,female,28.0,0,0,PC 17598,31.6833,0,1
108,1,1,female,28.0,0,0,17421,110.8833,0,1
109,1,1,male,36.0,0,0,PC 17474,26.3875,1,0
110,1,0,male,30.0,0,0,113051,27.75,1,0
111,1,1,female,24.0,3,2,19950,263.0,0,1
112,1,1,female,28.0,3,2,19950,263.0,0,1
113,1,1,female,23.0,3,2,19950,263.0,0,1
114,1,0,male,19.0,3,2,19950,263.0,1,0
115,1,0,male,64.0,1,4,19950,263.0,1,0
116,1,1,female,60.0,1,4,19950,263.0,0,1
117,1,1,female,30.0,0,0,PC 17485,56.9292,0,1
118,1,0,male,28.0,0,0,113778,26.55,1,0
119,1,1,male,50.0,2,0,PC 17611,133.65,1,0
120,1,1,male,43.0,1,0,17765,27.7208,1,0
121,1,1,female,28.0,1,0,PC 17611,133.65,0,1
122,1,1,female,22.0,0,2,13568,49.5,0,1
123,1,1,male,60.0,1,1,13567,79.2,1,0
124,1,1,female,48.0,1,1,13567,79.2,0,1
125,1,0,male,28.0,0,0,112058,0.0,1,0
126,1,0,male,37.0,1,0,113803,53.1,1,0
127,1,1,female,35.0,1,0,113803,53.1,0,1
128,1,0,male,47.0,0,0,111320,38.5,1,0
129,1,1,female,35.0,0,0,113503,211.5,0,1
130,1,1,female,22.0,0,1,112378,59.4,0,1
131,1,1,female,45.0,0,1,112378,59.4,0,1
132,1,0,male,24.0,0,0,PC 17593,79.2,1,0
133,1,1,male,49.0,1,0,17453,89.1042,1,0
134,1,1,female,28.0,1,0,17453,89.1042,0,1
135,1,0,male,71.0,0,0,PC 17754,34.6542,1,0
136,1,1,male,53.0,0,0,113780,28.5,1,0
137,1,1,female,19.0,0,0,112053,30.0,0,1
138,1,0,male,38.0,0,1,PC 17582,153.4625,1,0
139,1,1,female,58.0,0,1,PC 17582,153.4625,0,1
140,1,1,male,23.0,0,1,PC 17759,63.3583,1,0
141,1,1,female,45.0,0,1,PC 17759,63.3583,0,1
142,1,0,male,46.0,0,0,PC 17593,79.2,1,0
143,1,1,male,25.0,1,0,11765,55.4417,1,0
144,1,1,female,25.0,1,0,11765,55.4417,0,1
145,1,1,male,48.0,1,0,PC 17572,76.7292,1,0
146,1,1,female,49.0,1,0,PC 17572,76.7292,0,1
147,1,0,male,28.0,0,0,113796,42.4,1,0
148,1,0,male,45.0,1,0,36973,83.475,1,0
149,1,1,female,35.0,1,0,36973,83.475,0,1
150,1,0,male,40.0,0,0,112059,0.0,1,0
151,1,1,male,27.0,0,0,PC 17572,76.7292,1,0
152,1,1,male,28.0,0,0,16988,30.0,1,0
153,1,1,female,24.0,0,0,11767,83.1583,0,1
154,1,0,male,55.0,1,1,12749,93.5,1,0
155,1,1,female,52.0,1,1,12749,93.5,0,1
156,1,0,male,42.0,0,0,113038,42.5,1,0
157,1,0,male,28.0,0,0,17463,51.8625,1,0
158,1,0,male,55.0,0,0,680,50.0,1,0
159,1,1,female,16.0,0,1,111361,57.9792,0,1
160,1,1,female,44.0,0,1,111361,57.9792,0,1
161,1,1,female,51.0,1,0,13502,77.9583,0,1
162,1,0,male,42.0,1,0,113789,52.0,1,0
163,1,1,female,35.0,1,0,113789,52.0,0,1
164,1,1,male,35.0,0,0,111426,26.55,1,0
165,1,1,male,38.0,1,0,19943,90.0,1,0
166,1,0,male,28.0,0,0,PC 17600,30.6958,1,0
167,1,1,female,35.0,1,0,19943,90.0,0,1
168,1,1,female,38.0,0,0,113572,80.0,0,1
169,1,0,female,50.0,0,0,PC 17595,28.7125,0,1
170,1,1,male,49.0,0,0,112058,0.0,1,0
171,1,0,male,46.0,0,0,694,26.0,1,0
172,1,0,male,50.0,0,0,113044,26.0,1,0
173,1,0,male,32.5,0,0,113503,211.5,1,0
174,1,0,male,58.0,0,0,11771,29.7,1,0
175,1,0,male,41.0,1,0,17464,51.8625,1,0
176,1,1,female,28.0,1,0,17464,51.8625,0,1
177,1,1,male,42.0,1,0,11753,52.5542,1,0
178,1,1,female,45.0,1,0,11753,52.5542,0,1
179,1,0,male,28.0,0,0,113028,26.55,1,0
180,1,1,female,39.0,0,0,24160,211.3375,0,1
181,1,1,female,49.0,0,0,17465,25.9292,0,1
182,1,1,female,30.0,0,0,PC 17761,106.425,0,1
183,1,1,male,35.0,0,0,PC 17755,512.3292,1,0
184,1,0,male,28.0,0,0,PC 17612,27.7208,1,0
185,1,0,male,42.0,0,0,17475,26.55,1,0
186,1,1,female,55.0,0,0,112377,27.7208,0,1
187,1,1,female,16.0,0,1,PC 17592,39.4,0,1
188,1,1,female,51.0,0,1,PC 17592,39.4,0,1
189,1,0,male,29.0,0,0,113501,30.0,1,0
190,1,1,female,21.0,0,0,13502,77.9583,0,1
191,1,0,male,30.0,0,0,113801,45.5,1,0
192,1,1,female,58.0,0,0,PC 17569,146.5208,0,1
193,1,1,female,15.0,0,1,24160,211.3375,0,1
194,1,0,male,30.0,0,0,110469,26.0,1,0
195,1,1,female,16.0,0,0,110152,86.5,0,1
196,1,1,male,28.0,0,0,11774,29.7,1,0
197,1,0,male,19.0,1,0,113773,53.1,1,0
198,1,1,female,18.0,1,0,113773,53.1,0,1
199,1,1,female,24.0,0,0,PC 17482,49.5042,0,1
200,1,0,male,46.0,0,0,13050,75.2417,1,0
201,1,0,male,54.0,0,0,17463,51.8625,1,0
202,1,1,male,36.0,0,0,PC 17473,26.2875,1,0
203,1,0,male,28.0,1,0,PC 17604,82.1708,1,0
204,1,1,female,28.0,1,0,PC 17604,82.1708,0,1
205,1,0,male,65.0,0,0,13509,26.55,1,0
206,1,0,male,44.0,2,0,19928,90.0,1,0
207,1,1,female,33.0,1,0,19928,90.0,0,1
208,1,1,female,37.0,1,0,19928,90.0,0,1
209,1,1,male,30.0,1,0,13236,57.75,1,0
210,1,0,male,55.0,0,0,113787,30.5,1,0
211,1,0,male,47.0,0,0,113796,42.4,1,0
212,1,0,male,37.0,0,1,PC 17596,29.7,1,0
213,1,1,female,31.0,1,0,35273,113.275,0,1
214,1,1,female,23.0,1,0,35273,113.275,0,1
215,1,0,male,58.0,0,2,35273,113.275,1,0
216,1,1,female,19.0,0,2,11752,26.2833,0,1
217,1,0,male,64.0,0,0,693,26.0,1,0
218,1,1,female,39.0,0,0,PC 17758,108.9,0,1
219,1,1,male,28.0,0,0,F.C. 12998,25.7417,1,0
220,1,1,female,22.0,0,1,113509,61.9792,0,1
221,1,0,male,65.0,0,1,113509,61.9792,1,0
222,1,0,male,28.5,0,0,PC 17562,27.7208,1,0
223,1,0,male,28.0,0,0,112052,0.0,1,0
224,1,0,male,45.5,0,0,113043,28.5,1,0
225,1,0,male,23.0,0,0,12749,93.5,1,0
226,1,0,male,29.0,1,0,113776,66.6,1,0
227,1,1,female,22.0,1,0,113776,66.6,0,1
228,1,0,male,18.0,1,0,PC 17758,108.9,1,0
229,1,1,female,17.0,1,0,PC 17758,108.9,0,1
230,1,1,female,30.0,0,0,12749,93.5,0,1
231,1,1,male,52.0,0,0,113786,30.5,1,0
232,1,0,male,47.0,0,0,110465,52.0,1,0
233,1,1,female,56.0,0,1,11767,83.1583,0,1
234,1,0,male,38.0,0,0,19972,0.0,1,0
235,1,1,male,28.0,0,0,PC 17607,39.6,1,0
236,1,0,male,22.0,0,0,PC 17760,135.6333,1,0
237,1,0,male,28.0,0,0,PC 17757,227.525,1,0
238,1,1,female,43.0,0,1,24160,211.3375,0,1
239,1,0,male,31.0,0,0,PC 17590,50.4958,1,0
240,1,1,male,45.0,0,0,111428,26.55,1,0
241,1,0,male,28.0,0,0,113767,50.0,1,0
242,1,1,female,33.0,0,0,PC 17613,27.7208,0,1
243,1,0,male,46.0,0,0,PC 17585,79.2,1,0
244,1,0,male,36.0,0,0,13049,40.125,1,0
245,1,1,female,33.0,0,0,110152,86.5,0,1
246,1,0,male,55.0,1,0,PC 17603,59.4,1,0
247,1,1,female,54.0,1,0,PC 17603,59.4,0,1
248,1,0,male,33.0,0,0,113790,26.55,1,0
249,1,1,male,13.0,2,2,PC 17608,262.375,1,0
250,1,1,female,18.0,2,2,PC 17608,262.375,0,1
251,1,1,female,21.0,2,2,PC 17608,262.375,0,1
252,1,0,male,61.0,1,3,PC 17608,262.375,1,0
253,1,1,female,48.0,1,3,PC 17608,262.375,0,1
254,1,1,male,28.0,0,0,19988,30.5,1,0
255,1,1,female,24.0,0,0,PC 17477,69.3,0,1
256,1,1,male,28.0,0,0,111163,26.0,1,0
257,1,1,female,35.0,1,0,13236,57.75,0,1
258,1,1,female,30.0,0,0,113798,31.0,0,1
259,1,1,male,34.0,0,0,113794,26.55,1,0
260,1,1,female,40.0,0,0,PC 17582,153.4625,0,1
261,1,1,male,35.0,0,0,PC 17475,26.2875,1,0
262,1,0,male,50.0,1,0,13507,55.9,1,0
263,1,1,female,39.0,1,0,13507,55.9,0,1
264,1,1,male,56.0,0,0,13213,35.5,1,0
265,1,1,male,28.0,0,0,113788,35.5,1,0
266,1,0,male,56.0,0,0,113792,26.55,1,0
267,1,0,male,56.0,0,0,17764,30.6958,1,0
268,1,0,male,24.0,1,0,13695,60.0,1,0
269,1,0,male,28.0,0,0,113056,26.0,1,0
270,1,1,female,18.0,1,0,13695,60.0,0,1
271,1,1,male,24.0,1,0,21228,82.2667,1,0
272,1,1,female,23.0,1,0,21228,82.2667,0,1
273,1,1,male,6.0,0,2,16966,134.5,1,0
274,1,1,male,45.0,1,1,16966,134.5,1,0
275,1,1,female,40.0,1,1,16966,134.5,0,1
276,1,0,male,57.0,1,0,PC 17569,146.5208,1,0
277,1,1,female,28.0,1,0,PC 17569,146.5208,0,1
278,1,1,male,32.0,0,0,13214,30.5,1,0
279,1,0,male,62.0,0,0,113514,26.55,1,0
280,1,1,male,54.0,1,0,11778,55.4417,1,0
281,1,1,female,43.0,1,0,11778,55.4417,0,1
282,1,1,female,52.0,1,0,36947,78.2667,0,1
283,1,0,male,28.0,0,0,PC 17605,27.7208,1,0
284,1,1,female,62.0,0,0,113572,80.0,0,1
285,1,0,male,67.0,1,0,PC 17483,221.7792,1,0
286,1,0,female,63.0,1,0,PC 17483,221.7792,0,1
287,1,0,male,61.0,0,0,36963,32.3208,1,0
288,1,1,female,48.0,0,0,17466,25.9292,0,1
289,1,1,female,18.0,0,2,110413,79.65,0,1
290,1,0,male,52.0,1,1,110413,79.65,1,0
291,1,1,female,39.0,1,1,110413,79.65,0,1
292,1,1,male,48.0,1,0,19996,52.0,1,0
293,1,1,female,28.0,1,0,19996,52.0,0,1
294,1,0,male,49.0,1,1,17421,110.8833,1,0
295,1,1,male,17.0,0,2,17421,110.8833,1,0
296,1,1,female,39.0,1,1,17421,110.8833,0,1
297,1,1,female,28.0,0,0,PC 17585,79.2,0,1
298,1,1,male,31.0,0,0,2543,28.5375,1,0
299,1,0,male,40.0,0,0,PC 17601,27.7208,1,0
300,1,0,male,61.0,0,0,111240,33.5,1,0
301,1,0,male,47.0,0,0,36967,34.0208,1,0
302,1,1,female,35.0,0,0,PC 17755,512.3292,0,1
303,1,0,male,64.0,1,0,110813,75.25,1,0
304,1,1,female,60.0,1,0,110813,75.25,0,1
305,1,0,male,60.0,0,0,113800,26.55,1,0
306,1,0,male,54.0,0,1,35281,77.2875,1,0
307,1,0,male,21.0,0,1,35281,77.2875,1,0
308,1,1,female,55.0,0,0,PC 17760,135.6333,0,1
309,1,1,female,31.0,0,2,36928,164.8667,0,1
310,1,0,male,57.0,1,1,36928,164.8667,1,0
311,1,1,female,45.0,1,1,36928,164.8667,0,1
312,1,0,male,50.0,1,1,113503,211.5,1,0
313,1,0,male,27.0,0,2,113503,211.5,1,0
314,1,1,female,50.0,1,1,113503,211.5,0,1
315,1,1,female,21.0,0,0,113795,26.55,0,1
316,1,0,male,51.0,0,1,PC 17597,61.3792,1,0
317,1,1,male,21.0,0,1,PC 17597,61.3792,1,0
318,1,0,male,28.0,0,0,113510,35.0,1,0
319,1,1,female,31.0,0,0,16966,134.5,0,1
320,1,1,male,28.0,0,0,19947,35.5,1,0
321,1,0,male,62.0,0,0,113807,26.55,1,0
322,1,1,female,36.0,0,0,PC 17760,135.6333,0,1
323,2,0,male,30.0,1,0,P/PP 3381,24.0,1,0
324,2,1,female,28.0,1,0,P/PP 3381,24.0,0,1
325,2,0,male,30.0,0,0,248744,13.0,1,0
326,2,0,male,18.0,0,0,231945,11.5,1,0
327,2,0,male,25.0,0,0,C.A. 34050,10.5,1,0
328,2,0,male,34.0,1,0,226875,26.0,1,0
329,2,1,female,36.0,1,0,226875,26.0,0,1
330,2,0,male,57.0,0,0,244346,13.0,1,0
331,2,0,male,18.0,0,0,29108,11.5,1,0
332,2,0,male,23.0,0,0,C.A. 31030,10.5,1,0
333,2,1,female,36.0,0,0,28551,13.0,0,1
334,2,0,male,28.0,0,0,C.A./SOTON 34068,10.5,1,0
335,2,0,male,51.0,0,0,S.O.P. 1166,12.525,1,0
336,2,1,male,32.0,1,0,2908,26.0,1,0
337,2,1,female,19.0,1,0,2908,26.0,0,1
338,2,0,male,28.0,0,0,244358,26.0,1,0
339,2,1,male,1.0,2,1,230136,39.0,1,0
340,2,1,female,4.0,2,1,230136,39.0,0,1
341,2,1,female,12.0,2,1,230136,39.0,0,1
342,2,1,female,36.0,0,3,230136,39.0,0,1
343,2,1,male,34.0,0,0,248698,13.0,1,0
344,2,1,female,19.0,0,0,28404,13.0,0,1
345,2,0,male,23.0,0,0,28425,13.0,1,0
346,2,0,male,26.0,0,0,237670,13.0,1,0
347,2,0,male,42.0,0,0,211535,13.0,1,0
348,2,0,male,27.0,0,0,220367,13.0,1,0
349,2,1,female,24.0,0,0,248733,13.0,0,1
350,2,1,female,15.0,0,2,29750,39.0,0,1
351,2,0,male,60.0,1,1,29750,39.0,1,0
352,2,1,female,40.0,1,1,29750,39.0,0,1
353,2,1,female,20.0,1,0,236853,26.0,0,1
354,2,0,male,25.0,1,0,236853,26.0,1,0
355,2,1,female,36.0,0,0,27849,13.0,0,1
356,2,0,male,25.0,0,0,234686,13.0,1,0
357,2,0,male,42.0,0,0,244310,13.0,1,0
358,2,1,female,42.0,0,0,236852,13.0,0,1
359,2,1,male,0.8333,0,2,248738,29.0,1,0
360,2,1,male,26.0,1,1,248738,29.0,1,0
361,2,1,female,22.0,1,1,248738,29.0,0,1
362,2,1,female,35.0,0,0,F.C.C. 13528,21.0,0,1
363,2,0,male,28.0,0,0,239853,0.0,1,0
364,2,0,male,19.0,0,0,28424,13.0,1,0
365,2,0,female,44.0,1,0,244252,26.0,0,1
366,2,0,male,54.0,1,0,244252,26.0,1,0
367,2,0,male,52.0,0,0,248731,13.5,1,0
368,2,0,male,37.0,1,0,SC/AH 29037,26.0,1,0
369,2,0,female,29.0,1,0,SC/AH 29037,26.0,0,1
370,2,1,female,25.0,1,1,237789,30.0,0,1
371,2,1,female,45.0,0,2,237789,30.0,0,1
372,2,0,male,29.0,1,0,2003,26.0,1,0
373,2,1,female,28.0,1,0,2003,26.0,0,1
374,2,0,male,29.0,0,0,W./C. 14263,10.5,1,0
375,2,0,male,28.0,0,0,248740,13.0,1,0
376,2,1,male,24.0,0,0,28034,10.5,1,0
377,2,1,female,8.0,0,2,C.A. 31921,26.25,0,1
378,2,0,male,31.0,1,1,C.A. 31921,26.25,1,0
379,2,1,female,31.0,1,1,C.A. 31921,26.25,0,1
380,2,1,female,22.0,0,0,W./C. 14266,10.5,0,1
381,2,0,female,30.0,0,0,237249,13.0,0,1
382,2,0,female,28.0,0,0,F.C.C. 13534,21.0,0,1
383,2,0,male,21.0,0,0,29107,11.5,1,0
384,2,0,male,28.0,0,0,239853,0.0,1,0
385,2,1,male,8.0,1,1,C.A. 33112,36.75,1,0
386,2,0,male,18.0,0,0,S.O.C. 14879,73.5,1,0
387,2,1,female,48.0,0,2,C.A. 33112,36.75,0,1
388,2,1,female,28.0,0,0,237668,13.0,0,1
389,2,0,male,32.0,0,0,244360,13.0,1,0
390,2,0,male,17.0,0,0,S.O.C. 14879,73.5,1,0
391,2,0,male,29.0,1,0,SC/PARIS 2167,27.7208,1,0
392,2,1,female,24.0,1,0,SC/PARIS 2167,27.7208,0,1
393,2,0,male,25.0,0,0,C.A. 31029,31.5,1,0
394,2,0,male,18.0,0,0,S.O.C. 14879,73.5,1,0
395,2,1,female,18.0,0,1,231919,23.0,0,1
396,2,1,female,34.0,0,1,231919,23.0,0,1
397,2,0,male,54.0,0,0,28403,26.0,1,0
398,2,1,male,8.0,0,2,28220,32.5,1,0
399,2,0,male,42.0,1,1,28220,32.5,1,0
400,2,1,female,34.0,1,1,28220,32.5,0,1
401,2,1,female,27.0,1,0,SC/PARIS 2149,13.8583,0,1
402,2,1,female,30.0,1,0,SC/PARIS 2148,13.8583,0,1
403,2,0,male,23.0,0,0,29751,13.0,1,0
404,2,0,male,21.0,0,0,236854,13.0,1,0
405,2,0,male,18.0,0,0,236171,13.0,1,0
406,2,0,male,40.0,1,0,2926,26.0,1,0
407,2,1,female,29.0,1,0,2926,26.0,0,1
408,2,0,male,18.0,0,0,C.A. 15185,10.5,1,0
409,2,0,male,36.0,0,0,229236,13.0,1,0
410,2,0,male,28.0,0,0,239854,0.0,1,0
411,2,0,female,38.0,0,0,237671,13.0,0,1
412,2,0,male,35.0,0,0,239865,26.0,1,0
413,2,0,male,38.0,1,0,28664,21.0,1,0
414,2,0,male,34.0,1,0,28664,21.0,1,0
415,2,1,female,34.0,0,0,243880,13.0,0,1
416,2,0,male,16.0,0,0,239865,26.0,1,0
417,2,0,male,26.0,0,0,31028,10.5,1,0
418,2,0,male,47.0,0,0,C.A. 30769,10.5,1,0
419,2,0,male,21.0,1,0,28133,11.5,1,0
420,2,0,male,21.0,1,0,28134,11.5,1,0
421,2,0,male,24.0,0,0,248726,13.5,1,0
422,2,0,male,24.0,0,0,233866,13.0,1,0
423,2,0,male,34.0,0,0,12233,13.0,1,0
424,2,0,male,30.0,0,0,250646,13.0,1,0
425,2,0,male,52.0,0,0,250647,13.0,1,0
426,2,0,male,30.0,0,0,250653,13.0,1,0
427,2,1,male,0.6667,1,1,250649,14.5,1,0
428,2,1,female,24.0,0,2,250649,14.5,0,1
429,2,0,male,44.0,0,0,248746,13.0,1,0
430,2,1,female,6.0,0,1,248727,33.0,0,1
431,2,0,male,28.0,0,1,248727,33.0,1,0
432,2,1,male,62.0,0,0,S.W./PP 752,10.5,1,0
433,2,0,male,30.0,0,0,W/C 14208,10.5,1,0
434,2,1,female,7.0,0,2,F.C.C. 13529,26.25,0,1
435,2,0,male,43.0,1,1,F.C.C. 13529,26.25,1,0
436,2,1,female,45.0,1,1,F.C.C. 13529,26.25,0,1
437,2,1,female,24.0,1,2,220845,65.0,0,1
438,2,1,female,24.0,1,2,220845,65.0,0,1
439,2,0,male,49.0,1,2,220845,65.0,1,0
440,2,1,female,48.0,1,2,220845,65.0,0,1
441,2,1,female,55.0,0,0,248706,16.0,0,1
442,2,0,male,24.0,2,0,S.O.C. 14879,73.5,1,0
443,2,0,male,32.0,2,0,S.O.C. 14879,73.5,1,0
444,2,0,male,21.0,2,0,S.O.C. 14879,73.5,1,0
445,2,0,female,18.0,1,1,250650,13.0,0,1
446,2,1,female,20.0,2,1,29105,23.0,0,1
447,2,0,male,23.0,2,1,29104,11.5,1,0
448,2,0,male,36.0,0,0,242963,13.0,1,0
449,2,1,female,54.0,1,3,29105,23.0,0,1
450,2,0,male,50.0,0,0,250643,13.0,1,0
451,2,0,male,44.0,1,0,26707,26.0,1,0
452,2,1,female,29.0,1,0,26707,26.0,0,1
453,2,0,male,21.0,0,0,S.O.C. 14879,73.5,1,0
454,2,1,male,42.0,0,0,237798,13.0,1,0
455,2,0,male,63.0,1,0,24065,26.0,1,0
456,2,0,female,60.0,1,0,24065,26.0,0,1
457,2,0,male,33.0,0,0,SCO/W 1585,12.275,1,0
458,2,1,female,17.0,0,0,SO/C 14885,10.5,0,1
459,2,0,male,42.0,1,0,243847,27.0,1,0
460,2,1,female,24.0,2,1,243847,27.0,0,1
461,2,0,male,47.0,0,0,237565,15.0,1,0
462,2,0,male,24.0,2,0,C.A. 31029,31.5,1,0
463,2,0,male,22.0,2,0,C.A. 31029,31.5,1,0
464,2,0,male,32.0,0,0,C.A. 33111,10.5,1,0
465,2,1,female,23.0,0,0,SC/AH Basle 541,13.7917,0,1
466,2,0,male,34.0,1,0,244367,26.0,1,0
467,2,1,female,24.0,1,0,244367,26.0,0,1
468,2,0,female,22.0,0,0,F.C.C. 13534,21.0,0,1
469,2,1,female,28.0,0,0,226593,12.35,0,1
470,2,0,male,35.0,0,0,233734,12.35,1,0
471,2,1,female,45.0,0,0,223596,13.5,0,1
472,2,0,male,57.0,0,0,219533,12.35,1,0
473,2,0,male,28.0,0,0,239855,0.0,1,0
474,2,0,male,31.0,0,0,C.A. 18723,10.5,1,0
475,2,0,female,26.0,1,1,250651,26.0,0,1
476,2,0,male,30.0,1,1,250651,26.0,1,0
477,2,0,male,28.0,0,0,240261,10.7083,1,0
478,2,1,female,1.0,1,2,SC/Paris 2123,41.5792,0,1
479,2,1,female,3.0,1,2,SC/Paris 2123,41.5792,0,1
480,2,0,male,25.0,1,2,SC/Paris 2123,41.5792,1,0
481,2,1,female,22.0,1,2,SC/Paris 2123,41.5792,0,1
482,2,1,female,17.0,0,0,SC 1748,12.0,0,1
483,2,1,female,28.0,0,0,248727,33.0,0,1
484,2,1,female,34.0,0,0,C.A. 34260,10.5,0,1
485,2,0,male,36.0,0,0,SC/Paris 2163,12.875,1,0
486,2,0,male,24.0,0,0,C.A. 29566,10.5,1,0
487,2,0,male,61.0,0,0,235509,12.35,1,0
488,2,0,male,50.0,1,0,SC/AH 3085,26.0,1,0
489,2,1,female,42.0,1,0,SC/AH 3085,26.0,0,1
490,2,0,female,57.0,0,0,S.O./P.P. 3,10.5,0,1
491,2,0,male,28.0,0,0,237735,15.0458,1,0
492,2,1,male,1.0,0,2,S.C./PARIS 2079,37.0042,1,0
493,2,0,male,31.0,1,1,S.C./PARIS 2079,37.0042,1,0
494,2,1,female,24.0,1,1,S.C./PARIS 2079,37.0042,0,1
495,2,0,male,28.0,0,0,SC/A.3 2861,15.5792,1,0
496,2,0,male,30.0,0,0,28228,13.0,1,0
497,2,0,male,40.0,0,0,239059,16.0,1,0
498,2,0,male,32.0,0,0,237216,13.5,1,0
499,2,0,male,30.0,0,0,233478,13.0,1,0
500,2,0,male,46.0,0,0,28403,26.0,1,0
501,2,1,female,13.0,0,1,250644,19.5,0,1
502,2,1,female,41.0,0,1,250644,19.5,0,1
503,2,1,male,19.0,0,0,SW/PP 751,10.5,1,0
504,2,0,male,39.0,0,0,248723,13.0,1,0
505,2,0,male,48.0,0,0,234360,13.0,1,0
506,2,0,male,70.0,0,0,C.A. 24580,10.5,1,0
507,2,0,male,27.0,0,0,211536,13.0,1,0
508,2,0,male,54.0,0,0,29011,14.0,1,0
509,2,0,male,39.0,0,0,250655,26.0,1,0
510,2,0,male,16.0,0,0,S.O./P.P. 3,10.5,1,0
511,2,0,male,62.0,0,0,240276,9.6875,1,0
512,2,0,male,32.5,1,0,237736,30.0708,1,0
513,2,1,female,14.0,1,0,237736,30.0708,0,1
514,2,1,male,2.0,1,1,230080,26.0,1,0
515,2,1,male,3.0,1,1,230080,26.0,1,0
516,2,0,male,36.5,0,2,230080,26.0,1,0
517,2,0,male,26.0,0,0,244368,13.0,1,0
518,2,0,male,19.0,1,1,C.A. 33112,36.75,1,0
519,2,0,male,28.0,0,0,218629,13.5,1,0
520,2,1,male,20.0,0,0,SC/PARIS 2166,13.8625,1,0
521,2,1,female,29.0,0,0,C.A. 29395,10.5,0,1
522,2,0,male,39.0,0,0,28213,13.0,1,0
523,2,1,male,22.0,0,0,W./C. 14260,10.5,1,0
524,2,1,male,28.0,0,0,SC/PARIS 2146,13.8625,1,0
525,2,0,male,23.0,0,0,244278,10.5,1,0
526,2,1,male,29.0,0,0,SC/PARIS 2147,13.8583,1,0
527,2,0,male,28.0,0,0,SC 14888,10.5,1,0
528,2,0,male,28.0,0,0,239853,0.0,1,0
529,2,1,female,50.0,0,1,230433,26.0,0,1
530,2,0,male,19.0,0,0,28665,10.5,1,0
531,2,0,male,28.0,0,0,SC/PARIS 2131,15.05,1,0
532,2,0,male,41.0,0,0,237393,13.0,1,0
533,2,1,female,21.0,0,1,S.O./P.P. 2,21.0,0,1
534,2,1,female,19.0,0,0,250655,26.0,0,1
535,2,0,male,43.0,0,1,S.O./P.P. 2,21.0,1,0
536,2,1,female,32.0,0,0,234604,13.0,0,1
537,2,0,male,34.0,0,0,250647,13.0,1,0
538,2,1,male,30.0,0,0,C.A. 34644,12.7375,1,0
539,2,0,male,27.0,0,0,SC/PARIS 2168,15.0333,1,0
540,2,1,female,2.0,1,1,26360,26.0,0,1
541,2,1,female,8.0,1,1,26360,26.0,0,1
542,2,1,female,33.0,0,2,26360,26.0,0,1
543,2,0,male,36.0,0,0,C.A. 17248,10.5,1,0
544,2,0,male,34.0,1,0,31027,21.0,1,0
545,2,1,female,30.0,3,0,31027,21.0,0,1
546,2,1,female,28.0,0,0,230434,13.0,0,1
547,2,0,male,23.0,0,0,SC/PARIS 2133,15.0458,1,0
548,2,1,male,0.8333,1,1,29106,18.75,1,0
549,2,1,male,3.0,1,1,29106,18.75,1,0
550,2,1,female,24.0,2,3,29106,18.75,0,1
551,2,1,female,50.0,0,0,W./C. 14258,10.5,0,1
552,2,0,male,19.0,0,0,28004,10.5,1,0
553,2,1,female,21.0,0,0,C.A. 31026,10.5,0,1
554,2,0,male,26.0,0,0,248659,13.0,1,0
555,2,0,male,25.0,0,0,244361,13.0,1,0
556,2,0,male,27.0,0,0,244358,26.0,1,0
557,2,1,female,25.0,0,1,230433,26.0,0,1
558,2,1,female,18.0,0,2,250652,13.0,0,1
559,2,1,female,20.0,0,0,C.A. 33112,36.75,0,1
560,2,1,female,30.0,0,0,250648,13.0,0,1
561,2,0,male,59.0,0,0,237442,13.5,1,0
562,2,1,female,30.0,0,0,234818,12.35,0,1
563,2,0,male,35.0,0,0,28206,10.5,1,0
564,2,1,female,40.0,0,0,31418,13.0,0,1
565,2,0,male,25.0,0,0,C.A. 29178,13.0,1,0
566,2,0,male,41.0,0,0,237734,15.0458,1,0
567,2,0,male,25.0,0,0,F.C.C. 13540,10.5,1,0
568,2,0,male,18.5,0,0,248734,13.0,1,0
569,2,0,male,14.0,0,0,220845,65.0,1,0
570,2,1,female,50.0,0,0,F.C.C. 13531,10.5,0,1
571,2,0,male,23.0,0,0,233639,13.0,1,0
572,2,1,female,28.0,0,0,240929,12.65,0,1
573,2,1,female,27.0,0,0,34218,10.5,0,1
574,2,0,male,29.0,1,0,11668,21.0,1,0
575,2,0,female,27.0,1,0,11668,21.0,0,1
576,2,0,male,40.0,0,0,28221,13.0,1,0
577,2,1,female,31.0,0,0,F.C.C. 13528,21.0,0,1
578,2,0,male,30.0,1,0,CA 31352,21.0,1,0
579,2,0,male,23.0,1,0,28666,10.5,1,0
580,2,1,female,31.0,0,0,CA 31352,21.0,0,1
581,2,0,male,28.0,0,0,239856,0.0,1,0
582,2,1,female,12.0,0,0,C.A. 33595,15.75,0,1
583,2,1,female,40.0,0,0,C.A. 33595,15.75,0,1
584,2,1,female,32.5,0,0,27267,13.0,0,1
585,2,0,male,27.0,1,0,228414,26.0,1,0
586,2,1,female,29.0,1,0,228414,26.0,0,1
587,2,1,male,2.0,1,1,29103,23.0,1,0
588,2,1,female,4.0,1,1,29103,23.0,0,1
589,2,1,female,29.0,0,2,29103,23.0,0,1
590,2,1,female,0.9167,1,2,C.A. 34651,27.75,0,1
591,2,1,female,5.0,1,2,C.A. 34651,27.75,0,1
592,2,0,male,36.0,1,2,C.A. 34651,27.75,1,0
593,2,1,female,33.0,1,2,C.A. 34651,27.75,0,1
594,2,0,male,66.0,0,0,C.A. 24579,10.5,1,0
595,2,0,male,28.0,0,0,SC/PARIS 2159,12.875,1,0
596,2,1,male,31.0,0,0,244270,13.0,1,0
597,2,1,male,28.0,0,0,244373,13.0,1,0
598,2,1,female,26.0,0,0,220844,13.5,0,1
599,2,0,female,24.0,0,0,248747,13.0,0,1
600,3,0,male,42.0,0,0,C.A. 5547,7.55,1,0
601,3,0,male,13.0,0,2,C.A. 2673,20.25,1,0
602,3,0,male,16.0,1,1,C.A. 2673,20.25,1,0
603,3,1,female,35.0,1,1,C.A. 2673,20.25,0,1
604,3,1,female,16.0,0,0,348125,7.65,0,1
605,3,1,male,25.0,0,0,348122,7.65,1,0
606,3,1,male,20.0,0,0,SOTON/O2 3101284,7.925,1,0
607,3,1,female,18.0,0,0,2657,7.2292,0,1
608,3,0,male,30.0,0,0,C 7076,7.25,1,0
609,3,0,male,26.0,0,0,341826,8.05,1,0
610,3,0,female,40.0,1,0,7546,9.475,0,1
611,3,1,male,0.8333,0,1,392091,9.35,1,0
612,3,1,female,18.0,0,1,392091,9.35,0,1
613,3,1,male,26.0,0,0,2699,18.7875,1,0
614,3,0,male,26.0,0,0,3474,7.8875,1,0
615,3,0,male,20.0,0,0,SOTON/O2 3101287,7.925,1,0
616,3,0,male,24.0,0,0,SOTON/O.Q. 3101311,7.05,1,0
617,3,0,male,25.0,0,0,SOTON/O.Q. 3101312,7.05,1,0
618,3,0,male,35.0,0,0,373450,8.05,1,0
619,3,0,male,18.0,0,0,2223,8.3,1,0
620,3,0,male,32.0,0,0,C 4001,22.525,1,0
621,3,1,female,19.0,1,0,350046,7.8542,0,1
622,3,0,male,4.0,4,2,347082,31.275,1,0
623,3,0,female,6.0,4,2,347082,31.275,0,1
624,3,0,female,2.0,4,2,347082,31.275,0,1
625,3,1,female,17.0,4,2,3101281,7.925,0,1
626,3,0,female,38.0,4,2,347091,7.775,0,1
627,3,0,female,9.0,4,2,347082,31.275,0,1
628,3,0,female,11.0,4,2,347082,31.275,0,1
629,3,0,male,39.0,1,5,347082,31.275,1,0
630,3,1,male,27.0,0,0,350043,7.7958,1,0
631,3,0,male,26.0,0,0,347075,7.775,1,0
632,3,0,female,39.0,1,5,347082,31.275,0,1
633,3,0,male,20.0,0,0,347466,7.8542,1,0
634,3,0,male,26.0,0,0,349202,7.8958,1,0
635,3,0,male,25.0,1,0,349237,17.8,1,0
636,3,0,female,18.0,1,0,349237,17.8,0,1
637,3,0,male,24.0,0,0,349911,7.775,1,0
638,3,0,male,35.0,0,0,SOTON/O.Q. 3101310,7.05,1,0
639,3,0,male,5.0,4,2,347077,31.3875,1,0
640,3,0,male,9.0,4,2,347077,31.3875,1,0
641,3,1,male,3.0,4,2,347077,31.3875,1,0
642,3,0,male,13.0,4,2,347077,31.3875,1,0
643,3,1,female,5.0,4,2,347077,31.3875,0,1
644,3,0,male,40.0,1,5,347077,31.3875,1,0
645,3,1,male,23.0,0,0,350054,7.7958,1,0
646,3,1,female,38.0,1,5,347077,31.3875,0,1
647,3,1,female,45.0,0,0,2696,7.225,0,1
648,3,0,male,21.0,0,0,2692,7.225,1,0
649,3,0,male,23.0,0,0,SOTON/O.Q. 3101309,7.05,1,0
650,3,0,female,17.0,0,0,2627,14.4583,0,1
651,3,0,male,30.0,0,0,2694,7.225,1,0
652,3,0,male,23.0,0,0,347468,7.8542,1,0
653,3,1,female,13.0,0,0,2687,7.2292,0,1
654,3,0,male,20.0,0,0,2679,7.225,1,0
655,3,0,male,32.0,1,0,3101278,15.85,1,0
656,3,1,female,33.0,3,0,3101278,15.85,0,1
657,3,1,female,0.75,2,1,2666,19.2583,0,1
658,3,1,female,0.75,2,1,2666,19.2583,0,1
659,3,1,female,5.0,2,1,2666,19.2583,0,1
660,3,1,female,24.0,0,3,2666,19.2583,0,1
661,3,1,female,18.0,0,0,A/4 31416,8.05,0,1
662,3,0,male,40.0,0,0,2623,7.225,1,0
663,3,0,male,26.0,0,0,349248,7.8958,1,0
664,3,1,male,20.0,0,0,2663,7.2292,1,0
665,3,0,female,18.0,0,1,2691,14.4542,0,1
666,3,0,female,45.0,0,1,2691,14.4542,0,1
667,3,0,female,27.0,0,0,330844,7.8792,0,1
668,3,0,male,22.0,0,0,324669,8.05,1,0
669,3,0,male,19.0,0,0,323951,8.05,1,0
670,3,0,male,26.0,0,0,347068,7.775,1,0
671,3,0,male,22.0,0,0,PP 4348,9.35,1,0
672,3,0,male,28.0,0,0,2622,7.2292,1,0
673,3,0,male,20.0,0,0,2648,4.0125,1,0
674,3,1,male,32.0,0,0,1601,56.4958,1,0
675,3,0,male,21.0,0,0,312992,7.775,1,0
676,3,0,male,18.0,0,0,347090,7.75,1,0
677,3,0,male,26.0,0,0,349224,7.8958,1,0
678,3,0,male,6.0,1,1,2678,15.2458,1,0
679,3,0,female,9.0,1,1,2678,15.2458,0,1
680,3,0,male,28.0,0,0,2664,7.225,1,0
681,3,0,female,28.0,0,2,2678,15.2458,0,1
682,3,0,female,28.0,0,2,364848,7.75,0,1
683,3,0,male,40.0,1,1,364849,15.5,1,0
684,3,0,female,32.0,1,1,364849,15.5,0,1
685,3,0,male,21.0,0,0,54636,16.1,1,0
686,3,1,female,22.0,0,0,334914,7.725,0,1
687,3,0,female,20.0,0,0,347471,7.8542,0,1
688,3,0,male,29.0,1,0,3460,7.0458,1,0
689,3,0,male,22.0,1,0,A/5 21171,7.25,1,0
690,3,0,male,22.0,0,0,350045,7.7958,1,0
691,3,0,male,35.0,0,0,364512,8.05,1,0
692,3,0,female,18.5,0,0,329944,7.2833,0,1
693,3,1,male,21.0,0,0,330920,7.8208,1,0
694,3,0,male,19.0,0,0,365222,6.75,1,0
695,3,0,female,18.0,0,0,330963,7.8792,0,1
696,3,0,female,21.0,0,0,315087,8.6625,0,1
697,3,0,female,30.0,0,0,315084,8.6625,0,1
698,3,0,male,18.0,0,0,315091,8.6625,1,0
699,3,0,male,38.0,0,0,315089,8.6625,1,0
700,3,0,male,17.0,0,0,315093,8.6625,1,0
701,3,0,male,17.0,0,0,315086,8.6625,1,0
702,3,0,female,21.0,0,0,364846,7.75,0,1
703,3,0,male,21.0,0,0,364858,7.75,1,0
704,3,0,male,21.0,0,0,A./5. 2152,8.05,1,0
705,3,0,male,28.0,1,0,2689,14.4583,1,0
706,3,0,female,28.0,1,0,2689,14.4583,0,1
707,3,0,male,28.0,0,0,350042,7.7958,1,0
708,3,0,male,24.0,0,0,350409,7.8542,1,0
709,3,1,female,16.0,0,0,367231,7.75,0,1
710,3,0,female,37.0,0,0,368364,7.75,0,1
711,3,0,male,28.0,0,0,392095,7.25,1,0
712,3,0,male,24.0,0,0,343275,8.05,1,0
713,3,0,male,21.0,0,0,A/5. 13032,7.7333,1,0
714,3,1,male,32.0,0,0,1601,56.4958,1,0
715,3,0,male,29.0,0,0,343276,8.05,1,0
716,3,0,male,26.0,1,0,2680,14.4542,1,0
717,3,0,male,18.0,1,0,2680,14.4542,1,0
718,3,0,male,20.0,0,0,SOTON/O.Q. 3101307,7.05,1,0
719,3,1,male,18.0,0,0,A/5 3540,8.05,1,0
720,3,0,male,24.0,0,0,371109,7.25,1,0
721,3,0,male,36.0,0,0,349210,7.4958,1,0
722,3,0,male,24.0,0,0,349209,7.4958,1,0
723,3,0,male,31.0,0,0,21332,7.7333,1,0
724,3,0,male,31.0,0,0,335097,7.75,1,0
725,3,1,female,22.0,0,0,370373,7.75,0,1
726,3,0,female,30.0,0,0,330972,7.6292,0,1
727,3,0,male,70.5,0,0,370369,7.75,1,0
728,3,0,male,43.0,0,0,A/5 3536,8.05,1,0
729,3,0,male,35.0,0,0,349230,7.8958,1,0
730,3,0,male,27.0,0,0,349229,7.8958,1,0
731,3,0,male,19.0,0,0,349231,7.8958,1,0
732,3,0,male,30.0,0,0,SOTON/OQ 392090,8.05,1,0
733,3,1,male,9.0,1,1,C.A. 37671,15.9,1,0
734,3,1,male,3.0,1,1,C.A. 37671,15.9,1,0
735,3,1,female,36.0,0,2,C.A. 37671,15.9,0,1
736,3,0,male,59.0,0,0,364500,7.25,1,0
737,3,0,male,19.0,0,0,S.P. 3464,8.1583,1,0
738,3,1,female,17.0,0,1,371362,16.1,0,1
739,3,0,male,44.0,0,1,371362,16.1,1,0
740,3,0,male,17.0,0,0,315090,8.6625,1,0
741,3,0,male,22.5,0,0,2698,7.225,1,0
742,3,1,male,45.0,0,0,7598,8.05,1,0
743,3,0,female,22.0,0,0,7552,10.5167,0,1
744,3,0,male,19.0,0,0,349228,10.1708,1,0
745,3,1,female,30.0,0,0,382650,6.95,0,1
746,3,1,male,29.0,0,0,382651,7.75,1,0
747,3,0,male,0.3333,0,2,347080,14.4,1,0
748,3,0,male,34.0,1,1,347080,14.4,1,0
749,3,0,female,28.0,1,1,347080,14.4,0,1
750,3,0,male,27.0,0,0,349219,7.8958,1,0
751,3,0,male,25.0,0,0,349203,7.8958,1,0
752,3,0,male,24.0,2,0,A/4 48871,24.15,1,0
753,3,0,male,22.0,0,0,SC/A4 23568,8.05,1,0
754,3,0,male,21.0,2,0,A/4 48871,24.15,1,0
755,3,0,male,17.0,2,0,A/4 48873,8.05,1,0
756,3,0,male,28.0,1,0,386525,16.1,1,0
757,3,1,female,28.0,1,0,386525,16.1,0,1
758,3,1,male,36.5,1,0,345572,17.4,1,0
759,3,1,female,36.0,1,0,345572,17.4,0,1
760,3,1,male,30.0,0,0,345774,9.5,1,0
761,3,0,male,16.0,0,0,345778,9.5,1,0
762,3,1,male,1.0,1,2,C.A. 2315,20.575,1,0
763,3,1,female,0.1667,1,2,C.A. 2315,20.575,0,1
764,3,0,male,26.0,1,2,C.A. 2315,20.575,1,0
765,3,1,female,33.0,1,2,C.A. 2315,20.575,0,1
766,3,0,male,25.0,0,0,349250,7.8958,1,0
767,3,0,male,28.0,0,0,349238,7.8958,1,0
768,3,0,male,28.0,0,0,349225,7.8958,1,0
769,3,0,male,22.0,0,0,A/5 21172,7.25,1,0
770,3,0,male,36.0,0,0,A/5 21175,7.25,1,0
771,3,1,female,19.0,0,0,330958,7.8792,0,1
772,3,0,male,17.0,0,0,349232,7.8958,1,0
773,3,0,male,42.0,0,0,315088,8.6625,1,0
774,3,0,male,43.0,0,0,349226,7.8958,1,0
775,3,0,male,28.0,0,0,2686,7.2292,1,0
776,3,0,male,32.0,0,0,370376,7.75,1,0
777,3,1,male,19.0,0,0,A/5. 10482,8.05,1,0
778,3,1,female,30.0,0,0,364516,12.475,0,1
779,3,0,female,24.0,0,0,368702,7.75,0,1
780,3,1,female,23.0,0,0,SOTON/OQ 392083,8.05,0,1
781,3,0,male,33.0,0,0,349241,7.8958,1,0
782,3,0,male,65.0,0,0,336439,7.75,1,0
783,3,1,male,24.0,0,0,S.O./P.P. 752,7.55,1,0
784,3,0,male,23.0,1,0,347072,13.9,1,0
785,3,1,female,22.0,1,0,347072,13.9,0,1
786,3,0,male,18.0,0,0,349912,7.775,1,0
787,3,0,male,16.0,0,0,347074,7.775,1,0
788,3,0,male,45.0,0,0,347061,6.975,1,0
789,3,0,male,28.0,0,0,2674,7.225,1,0
790,3,0,male,39.0,0,2,2675,7.2292,1,0
791,3,0,male,17.0,1,1,2690,7.2292,1,0
792,3,0,male,15.0,1,1,2695,7.2292,1,0
793,3,0,male,47.0,0,0,A/5 3902,7.25,1,0
794,3,1,female,5.0,0,0,364516,12.475,0,1
795,3,0,male,28.0,0,0,2631,7.225,1,0
796,3,0,male,40.5,0,0,C.A. 6212,15.1,1,0
797,3,0,male,40.5,0,0,367232,7.75,1,0
798,3,1,male,28.0,0,0,SOTON/O.Q. 3101308,7.05,1,0
799,3,0,male,18.0,0,0,350036,7.7958,1,0
800,3,0,female,28.0,0,0,364859,7.75,0,1
801,3,0,male,28.0,0,0,364851,7.75,1,0
802,3,0,male,28.0,0,0,368323,6.95,1,0
803,3,0,male,26.0,0,0,330910,7.8792,1,0
804,3,0,male,28.0,0,0,365235,7.75,1,0
805,3,1,male,28.0,0,0,1601,56.4958,1,0
806,3,0,female,21.0,2,2,W./C. 6608,34.375,0,1
807,3,0,female,9.0,2,2,W./C. 6608,34.375,0,1
808,3,0,male,28.0,0,0,A/5 1478,8.05,1,0
809,3,0,male,18.0,2,2,W./C. 6608,34.375,1,0
810,3,0,male,16.0,1,3,W./C. 6608,34.375,1,0
811,3,0,female,48.0,1,3,W./C. 6608,34.375,0,1
812,3,0,male,28.0,0,0,368573,7.75,1,0
813,3,0,male,28.0,0,0,SOTON/O.Q. 3101314,7.25,1,0
814,3,0,male,25.0,0,0,36864,7.7417,1,0
815,3,0,male,28.0,0,0,358585,14.5,1,0
816,3,0,male,28.0,0,0,349254,7.8958,1,0
817,3,0,male,22.0,0,0,14973,8.05,1,0
818,3,1,female,16.0,0,0,35851,7.7333,0,1
819,3,1,female,28.0,0,0,335677,7.75,0,1
820,3,1,male,9.0,0,2,363291,20.525,1,0
821,3,0,male,33.0,1,1,363291,20.525,1,0
822,3,0,male,41.0,0,0,SOTON/O.Q. 3101263,7.85,1,0
823,3,1,female,31.0,1,1,363291,20.525,0,1
824,3,0,male,38.0,0,0,SOTON/O.Q. 3101306,7.05,1,0
825,3,0,male,9.0,5,2,CA 2144,46.9,1,0
826,3,0,male,1.0,5,2,CA 2144,46.9,1,0
827,3,0,male,11.0,5,2,CA 2144,46.9,1,0
828,3,0,female,10.0,5,2,CA 2144,46.9,0,1
829,3,0,female,16.0,5,2,CA 2144,46.9,0,1
830,3,0,male,14.0,5,2,CA 2144,46.9,1,0
831,3,0,male,40.0,1,6,CA 2144,46.9,1,0
832,3,0,female,43.0,1,6,CA 2144,46.9,0,1
833,3,0,male,51.0,0,0,21440,8.05,1,0
834,3,0,male,32.0,0,0,8471,8.3625,1,0
835,3,0,male,28.0,0,0,376563,8.05,1,0
836,3,0,male,20.0,0,0,7534,9.8458,1,0
837,3,0,male,37.0,2,0,3101276,7.925,1,0
838,3,0,male,28.0,2,0,3101277,7.925,1,0
839,3,0,male,19.0,0,0,347069,7.775,1,0
840,3,0,female,24.0,0,0,349236,8.85,0,1
841,3,0,female,17.0,0,0,AQ/3. 30631,7.7333,0,1
842,3,0,male,28.0,1,0,65303,19.9667,1,0
843,3,0,male,28.0,1,0,65304,19.9667,1,0
844,3,0,male,28.0,1,0,STON/O2. 3101279,15.85,1,0
845,3,1,female,24.0,1,0,STON/O2. 3101279,15.85,0,1
846,3,0,male,20.0,0,0,345769,9.5,1,0
847,3,0,male,23.5,0,0,2693,7.2292,1,0
848,3,0,male,41.0,2,0,350026,14.1083,1,0
849,3,0,male,26.0,1,0,350025,7.8542,1,0
850,3,0,male,21.0,0,0,350029,7.8542,1,0
851,3,1,female,45.0,1,0,350026,14.1083,0,1
852,3,0,female,28.0,0,0,W./C. 6609,7.55,0,1
853,3,0,male,25.0,0,0,374887,7.25,1,0
854,3,0,male,28.0,0,0,394140,6.8583,1,0
855,3,0,male,11.0,0,0,2699,18.7875,1,0
856,3,1,female,28.0,0,0,370375,7.75,0,1
857,3,1,male,27.0,0,0,347089,6.975,1,0
858,3,1,male,28.0,0,0,1601,56.4958,1,0
859,3,0,female,18.0,0,0,365226,6.75,0,1
860,3,1,female,26.0,0,0,STON/O2. 3101282,7.925,0,1
861,3,0,female,23.0,0,0,STON/O2. 3101290,7.925,0,1
862,3,1,female,22.0,0,0,7548,8.9625,0,1
863,3,0,male,28.0,0,0,349243,7.8958,1,0
864,3,0,female,28.0,0,0,347086,7.775,0,1
865,3,0,female,28.0,0,0,382649,7.75,0,1
866,3,1,female,2.0,0,1,3101298,12.2875,0,1
867,3,1,female,22.0,1,1,3101298,12.2875,0,1
868,3,0,male,43.0,0,0,C 7075,6.45,1,0
869,3,0,male,28.0,0,0,C 4001,22.525,1,0
870,3,1,female,27.0,0,0,STON/O2. 3101283,7.925,0,1
871,3,0,male,28.0,0,0,370377,7.75,1,0
872,3,1,female,28.0,0,0,A. 2. 39186,8.05,0,1
873,3,0,male,42.0,0,0,348121,7.65,1,0
874,3,1,male,28.0,0,0,3470,7.8875,1,0
875,3,0,male,30.0,0,0,2685,7.2292,1,0
876,3,0,male,28.0,0,0,349220,7.8958,1,0
877,3,0,female,27.0,1,0,STON/O2. 3101270,7.925,0,1
878,3,0,female,25.0,1,0,STON/O2. 3101271,7.925,0,1
879,3,0,male,28.0,0,0,349201,7.8958,1,0
880,3,1,male,29.0,0,0,349240,7.8958,1,0
881,3,1,male,21.0,0,0,350034,7.7958,1,0
882,3,0,male,28.0,0,0,SOTON/O.Q. 3101305,7.05,1,0
883,3,0,male,20.0,0,0,350050,7.8542,1,0
884,3,0,male,48.0,0,0,350047,7.8542,1,0
885,3,0,male,17.0,1,0,350048,7.0542,1,0
886,3,1,female,28.0,0,0,14313,7.75,0,1
887,3,1,male,28.0,0,0,65306,8.1125,1,0
888,3,0,male,34.0,0,0,3101264,6.4958,1,0
889,3,1,male,26.0,0,0,347070,7.775,1,0
890,3,0,male,22.0,0,0,350052,7.7958,1,0
891,3,0,male,33.0,0,0,7540,8.6542,1,0
892,3,0,male,31.0,0,0,347063,7.775,1,0
893,3,0,male,29.0,0,0,347467,7.8542,1,0
894,3,1,male,4.0,1,1,347742,11.1333,1,0
895,3,1,female,1.0,1,1,347742,11.1333,0,1
896,3,0,male,49.0,0,0,LINE,0.0,1,0
897,3,0,male,33.0,0,0,347062,7.775,1,0
898,3,0,male,19.0,0,0,LINE,0.0,1,0
899,3,1,female,27.0,0,2,347742,11.1333,0,1
900,3,0,male,28.0,1,2,W./C. 6607,23.45,1,0
901,3,0,female,28.0,1,2,W./C. 6607,23.45,0,1
902,3,0,male,28.0,1,2,W./C. 6607,23.45,1,0
903,3,0,female,28.0,1,2,W./C. 6607,23.45,0,1
904,3,0,male,23.0,0,0,349204,7.8958,1,0
905,3,1,male,32.0,0,0,350417,7.8542,1,0
906,3,0,male,27.0,0,0,350408,7.8542,1,0
907,3,0,female,20.0,1,0,4136,9.825,0,1
908,3,0,female,21.0,1,0,4137,9.825,0,1
909,3,1,male,32.0,0,0,STON/O 2. 3101286,7.925,1,0
910,3,0,male,17.0,0,0,STON/O 2. 3101274,7.125,1,0
911,3,0,male,21.0,0,0,8475,8.4333,1,0
912,3,0,male,30.0,0,0,349246,7.8958,1,0
913,3,1,male,21.0,0,0,350053,7.7958,1,0
914,3,0,male,33.0,0,0,347465,7.8542,1,0
915,3,0,male,22.0,0,0,350060,7.5208,1,0
916,3,1,female,4.0,0,1,349256,13.4167,0,1
917,3,1,male,39.0,0,1,349256,13.4167,1,0
918,3,0,male,28.0,0,0,2700,7.2292,1,0
919,3,0,male,18.5,0,0,2682,7.2292,1,0
920,3,0,male,28.0,0,0,12460,7.75,1,0
921,3,0,male,28.0,0,0,323592,7.25,1,0
922,3,1,female,28.0,0,0,9234,7.75,0,1
923,3,1,female,28.0,0,0,14312,7.75,0,1
924,3,0,male,34.5,0,0,330911,7.8292,1,0
925,3,0,male,44.0,0,0,363592,8.05,1,0
926,3,1,male,28.0,0,0,368783,7.75,1,0
927,3,0,male,28.0,1,0,2660,14.4542,1,0
928,3,0,female,28.0,1,0,2660,14.4542,0,1
929,3,0,male,28.0,1,0,367227,7.75,1,0
930,3,0,male,28.0,1,0,367229,7.75,1,0
931,3,0,male,28.0,0,0,36865,7.7375,1,0
932,3,0,female,22.0,2,0,315152,8.6625,0,1
933,3,0,male,26.0,2,0,315151,8.6625,1,0
934,3,1,female,4.0,0,2,315153,22.025,0,1
935,3,1,male,29.0,3,1,315153,22.025,1,0
936,3,1,female,26.0,1,1,315153,22.025,0,1
937,3,0,female,1.0,1,1,350405,12.1833,0,1
938,3,0,male,18.0,1,1,350404,7.8542,1,0
939,3,0,female,36.0,0,2,350405,12.1833,0,1
940,3,0,male,28.0,0,0,349253,7.8958,1,0
941,3,1,male,25.0,0,0,2654,7.2292,1,0
942,3,0,male,28.0,0,0,2624,7.225,1,0
943,3,0,female,37.0,0,0,4135,9.5875,0,1
944,3,0,male,28.0,0,0,349217,7.8958,1,0
945,3,1,male,28.0,0,0,1601,56.4958,1,0
946,3,0,male,28.0,0,0,1601,56.4958,1,0
947,3,1,female,22.0,0,0,C 7077,7.25,0,1
948,3,0,male,28.0,0,0,7935,7.75,1,0
949,3,1,male,26.0,0,0,1601,56.4958,1,0
950,3,0,male,29.0,0,0,7545,9.4833,1,0
951,3,0,male,29.0,0,0,347067,7.775,1,0
952,3,0,male,22.0,0,0,347065,7.775,1,0
953,3,1,male,22.0,0,0,2620,7.225,1,0
954,3,0,male,28.0,3,1,4133,25.4667,1,0
955,3,0,female,28.0,3,1,4133,25.4667,0,1
956,3,0,female,28.0,3,1,4133,25.4667,0,1
957,3,0,female,28.0,3,1,4133,25.4667,0,1
958,3,0,female,28.0,0,4,4133,25.4667,0,1
959,3,0,male,32.0,0,0,STON/O 2. 3101292,7.925,1,0
960,3,0,male,34.5,0,0,2683,6.4375,1,0
961,3,0,female,28.0,1,0,370371,15.5,0,1
962,3,0,male,28.0,1,0,370371,15.5,1,0
963,3,0,male,36.0,0,0,LINE,0.0,1,0
964,3,0,male,39.0,0,0,A/4 48871,24.15,1,0
965,3,0,male,24.0,0,0,345781,9.5,1,0
966,3,0,female,25.0,0,0,347071,7.775,0,1
967,3,0,female,45.0,0,0,347073,7.75,0,1
968,3,0,male,36.0,1,0,349910,15.55,1,0
969,3,0,female,30.0,1,0,349910,15.55,0,1
970,3,1,male,20.0,1,0,STON/O 2. 3101285,7.925,1,0
971,3,0,male,28.0,0,0,330971,7.8792,1,0
972,3,0,male,28.0,0,0,1601,56.4958,1,0
973,3,0,male,28.0,0,0,S.O./P.P. 251,7.55,1,0
974,3,0,male,30.0,1,0,A/5. 3336,16.1,1,0
975,3,0,female,26.0,1,0,A/5. 3336,16.1,0,1
976,3,0,male,28.0,0,0,1222,7.8792,1,0
977,3,0,male,20.5,0,0,A/5 21173,7.25,1,0
978,3,1,male,27.0,0,0,315098,8.6625,1,0
979,3,0,male,51.0,0,0,347743,7.0542,1,0
980,3,1,female,23.0,0,0,347469,7.8542,0,1
981,3,1,male,32.0,0,0,350403,7.5792,1,0
982,3,0,male,28.0,0,0,349235,7.8958,1,0
983,3,0,male,28.0,0,0,C.A. 42795,7.55,1,0
984,3,1,female,28.0,0,0,370370,7.75,0,1
985,3,1,male,24.0,0,0,C 17369,7.1417,1,0
986,3,0,male,22.0,0,0,STON/O 2. 3101275,7.125,1,0
987,3,0,female,28.0,0,0,330924,7.8792,0,1
988,3,0,male,28.0,0,0,AQ/4 3130,7.75,1,0
989,3,0,male,28.0,0,0,A/S 2816,8.05,1,0
990,3,0,male,29.0,0,0,STON/O 2. 3101268,7.925,1,0
991,3,1,male,28.0,0,0,2677,7.2292,1,0
992,3,0,female,30.5,0,0,364850,7.75,0,1
993,3,1,female,28.0,0,0,36866,7.7375,0,1
994,3,0,male,28.0,0,0,2655,7.2292,1,0
995,3,0,male,35.0,0,0,349213,7.8958,1,0
996,3,0,male,33.0,0,0,349257,7.8958,1,0
997,3,1,female,28.0,0,0,2649,7.225,0,1
998,3,0,male,28.0,0,0,349255,7.8958,1,0
999,3,1,female,28.0,0,0,383123,7.75,0,1
1000,3,1,male,28.0,0,0,367228,7.75,1,0
1001,3,1,female,28.0,2,0,367226,23.25,0,1
1002,3,1,female,28.0,2,0,367226,23.25,0,1
1003,3,1,male,28.0,2,0,367226,23.25,1,0
1004,3,1,female,28.0,0,0,330932,7.7875,0,1
1005,3,0,male,28.0,0,0,36568,15.5,1,0
1006,3,1,female,28.0,0,0,330931,7.8792,0,1
1007,3,1,female,15.0,0,0,330923,8.0292,0,1
1008,3,0,female,35.0,0,0,9232,7.75,0,1
1009,3,0,male,28.0,0,0,370372,7.75,1,0
1010,3,0,male,24.0,1,0,376566,16.1,1,0
1011,3,0,female,19.0,1,0,376566,16.1,0,1
1012,3,0,female,28.0,0,0,370368,7.75,0,1
1013,3,0,female,28.0,0,0,SOTON/O.Q. 392087,8.05,0,1
1014,3,0,female,28.0,0,0,343095,8.05,0,1
1015,3,0,male,55.5,0,0,A.5. 11206,8.05,1,0
1016,3,0,male,28.0,0,0,368703,7.75,1,0
1017,3,1,male,21.0,0,0,345501,7.775,1,0
1018,3,0,male,28.0,0,0,359306,8.05,1,0
1019,3,0,male,24.0,0,0,349233,7.8958,1,0
1020,3,0,male,21.0,0,0,349211,7.8958,1,0
1021,3,0,male,28.0,0,0,349207,7.8958,1,0
1022,3,0,male,28.0,0,0,349221,7.8958,1,0
1023,3,1,female,28.0,0,0,330980,7.8792,0,1
1024,3,0,male,25.0,0,0,348123,7.65,1,0
1025,3,1,male,6.0,0,1,392096,12.475,1,0
1026,3,1,female,27.0,0,1,392096,12.475,0,1
1027,3,0,male,28.0,0,0,A4. 54510,8.05,1,0
1028,3,1,female,28.0,1,0,371110,24.15,0,1
1029,3,0,male,28.0,1,0,371110,24.15,1,0
1030,3,0,male,28.0,0,0,330877,8.4583,1,0
1031,3,0,male,34.0,0,0,364506,8.05,1,0
1032,3,0,male,28.0,0,0,372622,7.75,1,0
1033,3,1,male,28.0,0,0,312991,7.775,1,0
1034,3,1,male,28.0,1,1,2661,15.2458,1,0
1035,3,1,male,28.0,1,1,2661,15.2458,1,0
1036,3,1,female,28.0,0,2,2661,15.2458,0,1
1037,3,1,female,28.0,0,0,2626,7.2292,0,1
1038,3,0,male,28.0,0,0,374746,8.05,1,0
1039,3,1,female,28.0,0,0,35852,7.7333,0,1
1040,3,1,female,24.0,0,0,382653,7.75,0,1
1041,3,0,male,28.0,0,0,A./5. 3235,8.05,1,0
1042,3,1,female,28.0,1,0,367230,15.5,0,1
1043,3,1,female,28.0,1,0,367230,15.5,0,1
1044,3,1,female,28.0,0,0,36568,15.5,0,1
1045,3,0,male,18.0,0,0,347078,7.75,1,0
1046,3,0,male,22.0,0,0,349206,7.8958,1,0
1047,3,1,female,15.0,0,0,2667,7.225,0,1
1048,3,1,female,1.0,0,2,2653,15.7417,0,1
1049,3,1,male,20.0,1,1,2653,15.7417,1,0
1050,3,1,female,19.0,1,1,2653,15.7417,0,1
1051,3,0,male,33.0,0,0,A./5. 3338,8.05,1,0
1052,3,0,male,28.0,0,0,349218,7.8958,1,0
1053,3,0,male,28.0,0,0,2652,7.2292,1,0
1054,3,0,female,28.0,0,0,365237,7.75,0,1
1055,3,0,male,28.0,0,0,349234,7.8958,1,0
1056,3,1,male,12.0,1,0,2651,11.2417,1,0
1057,3,1,female,14.0,1,0,2651,11.2417,0,1
1058,3,0,female,29.0,0,0,3101297,7.925,0,1
1059,3,0,male,28.0,0,0,363611,8.05,1,0
1060,3,1,female,18.0,0,0,347066,7.775,0,1
1061,3,1,female,26.0,0,0,347470,7.8542,0,1
1062,3,0,male,21.0,0,0,350410,7.8542,1,0
1063,3,0,male,41.0,0,0,SOTON/O2 3101272,7.125,1,0
1064,3,1,male,39.0,0,0,STON/O 2. 3101289,7.925,1,0
1065,3,0,male,21.0,0,0,A/4. 39886,7.8,1,0
1066,3,0,male,28.5,0,0,2697,7.2292,1,0
1067,3,1,female,22.0,0,0,347081,7.75,0,1
1068,3,0,male,61.0,0,0,345364,6.2375,1,0
1069,3,0,male,28.0,1,0,370365,15.5,1,0
1070,3,0,male,28.0,0,0,330979,7.8292,1,0
1071,3,1,female,28.0,1,0,370365,15.5,0,1
1072,3,0,male,28.0,0,0,334912,7.7333,1,0
1073,3,0,male,28.0,0,0,371060,7.75,1,0
1074,3,0,male,28.0,0,0,366713,7.75,1,0
1075,3,0,male,23.0,0,0,7267,9.225,1,0
1076,3,0,female,28.0,0,0,364856,7.75,0,1
1077,3,1,female,28.0,0,0,14311,7.75,0,1
1078,3,1,female,28.0,0,0,330959,7.8792,0,1
1079,3,1,female,22.0,0,0,347085,7.775,0,1
1080,3,1,male,28.0,0,0,368402,7.75,1,0
1081,3,1,female,28.0,0,0,330919,7.8292,0,1
1082,3,1,male,9.0,0,1,C 17368,3.1708,1,0
1083,3,0,male,28.0,0,0,C 4001,22.525,1,0
1084,3,0,male,42.0,0,1,4579,8.4042,1,0
1085,3,0,male,28.0,0,0,Fa 265302,7.3125,1,0
1086,3,0,female,31.0,0,0,350407,7.8542,0,1
1087,3,0,male,28.0,0,0,347464,7.8542,1,0
1088,3,1,male,32.0,0,0,347079,7.775,1,0
1089,3,0,male,20.0,0,0,6563,9.225,1,0
1090,3,0,female,23.0,0,0,315085,8.6625,0,1
1091,3,0,female,20.0,0,0,315096,8.6625,0,1
1092,3,0,male,20.0,0,0,315094,8.6625,1,0
1093,3,0,male,16.0,0,0,7534,9.2167,1,0
1094,3,1,female,31.0,0,0,349244,8.6833,0,1
1095,3,0,female,28.0,0,0,330909,7.6292,0,1
1096,3,0,male,2.0,3,1,349909,21.075,1,0
1097,3,0,male,6.0,3,1,349909,21.075,1,0
1098,3,0,female,3.0,3,1,349909,21.075,0,1
1099,3,0,female,8.0,3,1,349909,21.075,0,1
1100,3,0,female,29.0,0,4,349909,21.075,0,1
1101,3,0,male,1.0,4,1,3101295,39.6875,1,0
1102,3,0,male,7.0,4,1,3101295,39.6875,1,0
1103,3,0,male,2.0,4,1,3101295,39.6875,1,0
1104,3,0,male,16.0,4,1,3101295,39.6875,1,0
1105,3,0,male,14.0,4,1,3101295,39.6875,1,0
1106,3,0,female,41.0,0,5,3101295,39.6875,0,1
1107,3,0,male,21.0,0,0,315097,8.6625,1,0
1108,3,0,male,19.0,0,0,358585,14.5,1,0
1109,3,0,male,28.0,0,0,3411,8.7125,1,0
1110,3,0,male,32.0,0,0,349242,7.8958,1,0
1111,3,0,male,0.75,1,1,SOTON/O.Q. 3101315,13.775,1,0
1112,3,0,female,3.0,1,1,SOTON/O.Q. 3101315,13.775,0,1
1113,3,0,female,26.0,0,2,SOTON/O.Q. 3101315,13.775,0,1
1114,3,0,male,28.0,0,0,343271,7.0,1,0
1115,3,0,male,28.0,0,0,345498,7.775,1,0
1116,3,0,male,28.0,0,0,A/5 2817,8.05,1,0
1117,3,0,male,21.0,0,0,STON/O 2. 3101294,7.925,1,0
1118,3,0,male,25.0,0,0,STON/O 2. 3101291,7.925,1,0
1119,3,0,male,22.0,0,0,A/5 21174,7.25,1,0
1120,3,1,male,25.0,1,0,347083,7.775,1,0
1121,3,1,male,28.0,1,1,2668,22.3583,1,0
1122,3,1,female,28.0,1,1,2668,22.3583,0,1
1123,3,1,female,28.0,0,2,2668,22.3583,0,1
1124,3,0,female,28.0,0,0,330935,8.1375,0,1
1125,3,0,male,24.0,0,0,342441,8.05,1,0
1126,3,0,female,28.0,0,0,349245,7.8958,0,1
1127,3,0,male,19.0,0,0,349212,7.8958,1,0
1128,3,0,male,28.0,0,0,349215,7.8958,1,0
1129,3,0,male,25.0,1,0,347076,7.775,1,0
1130,3,0,female,18.0,0,0,347087,7.775,0,1
1131,3,1,male,32.0,0,0,SOTON/O.Q. 392078,8.05,1,0
1132,3,0,male,28.0,0,0,349227,7.8958,1,0
1133,3,0,male,17.0,0,0,315095,8.6625,1,0
1134,3,0,male,24.0,0,0,315092,8.6625,1,0
1135,3,0,male,28.0,0,0,349223,7.8958,1,0
1136,3,0,female,28.0,0,0,65305,8.1125,0,1
1137,3,0,male,28.0,0,0,2629,7.2292,1,0
1138,3,0,male,28.0,0,0,362316,7.25,1,0
1139,3,0,male,38.0,0,0,349249,7.8958,1,0
1140,3,0,male,21.0,0,0,342684,8.05,1,0
1141,3,0,male,10.0,4,1,382652,29.125,1,0
1142,3,0,male,4.0,4,1,382652,29.125,1,0
1143,3,0,male,7.0,4,1,382652,29.125,1,0
1144,3,0,male,2.0,4,1,382652,29.125,1,0
1145,3,0,male,8.0,4,1,382652,29.125,1,0
1146,3,0,female,39.0,0,5,382652,29.125,0,1
1147,3,0,female,22.0,0,0,3101295,39.6875,0,1
1148,3,0,male,35.0,0,0,STON/O 2. 3101273,7.125,1,0
1149,3,1,female,28.0,0,0,334915,7.7208,0,1
1150,3,0,male,28.0,0,0,364498,14.5,1,0
1151,3,0,female,28.0,0,0,364498,14.5,0,1
1152,3,0,male,50.0,1,0,A/5. 3337,14.5,1,0
1153,3,0,female,47.0,1,0,A/5. 3337,14.5,0,1
1154,3,0,male,28.0,0,0,S.C./A.4. 23567,8.05,1,0
1155,3,0,male,28.0,0,0,312993,7.775,1,0
1156,3,0,female,2.0,1,1,370129,20.2125,0,1
1157,3,0,male,18.0,1,1,370129,20.2125,1,0
1158,3,0,female,41.0,0,2,370129,20.2125,0,1
1159,3,1,female,28.0,0,0,342712,8.05,0,1
1160,3,0,male,50.0,0,0,A/5 3594,8.05,1,0
1161,3,0,male,16.0,0,0,A/4. 20589,8.05,1,0
1162,3,1,male,28.0,0,0,383162,7.75,1,0
1163,3,0,male,28.0,0,0,371110,24.15,1,0
1164,3,0,male,28.0,0,0,2671,7.2292,1,0
1165,3,0,male,25.0,0,0,2672,7.225,1,0
1166,3,0,male,28.0,0,0,2676,7.225,1,0
1167,3,0,male,28.0,0,0,367655,7.7292,1,0
1168,3,0,male,28.0,0,0,LP 1588,7.575,1,0
1169,3,0,male,38.5,0,0,SOTON/O.Q. 3101262,7.25,1,0
1170,3,0,male,28.0,8,2,CA. 2343,69.55,1,0
1171,3,0,male,14.5,8,2,CA. 2343,69.55,1,0
1172,3,0,female,28.0,8,2,CA. 2343,69.55,0,1
1173,3,0,female,28.0,8,2,CA. 2343,69.55,0,1
1174,3,0,female,28.0,8,2,CA. 2343,69.55,0,1
1175,3,0,female,28.0,8,2,CA. 2343,69.55,0,1
1176,3,0,male,28.0,8,2,CA. 2343,69.55,1,0
1177,3,0,male,28.0,8,2,CA. 2343,69.55,1,0
1178,3,0,male,28.0,8,2,CA. 2343,69.55,1,0
1179,3,0,male,28.0,1,9,CA. 2343,69.55,1,0
1180,3,0,female,28.0,1,9,CA. 2343,69.55,0,1
1181,3,0,male,24.0,0,0,7266,9.325,1,0
1182,3,1,female,21.0,0,0,343120,7.65,0,1
1183,3,0,male,39.0,0,0,3101296,7.925,1,0
1184,3,0,male,28.0,2,0,2662,21.6792,1,0
1185,3,0,male,28.0,2,0,2662,21.6792,1,0
1186,3,0,male,28.0,2,0,2662,21.6792,1,0
1187,3,1,female,1.0,1,1,PP 9549,16.7,0,1
1188,3,1,female,24.0,0,2,PP 9549,16.7,0,1
1189,3,1,female,4.0,1,1,PP 9549,16.7,0,1
1190,3,1,male,25.0,0,0,345768,9.5,1,0
1191,3,0,male,20.0,0,0,A/5. 2151,8.05,1,0
1192,3,0,male,24.5,0,0,342826,8.05,1,0
1193,3,0,male,28.0,0,0,36209,7.725,1,0
1194,3,0,male,28.0,0,0,349222,7.8958,1,0
1195,3,0,male,28.0,0,0,370374,7.75,1,0
1196,3,1,male,29.0,0,0,345779,9.5,1,0
1197,3,0,male,28.0,0,0,C.A. 6212,15.1,1,0
1198,3,1,female,28.0,0,0,330968,7.7792,0,1
1199,3,0,male,28.0,0,0,374910,8.05,1,0
1200,3,0,male,28.0,0,0,SOTON/OQ 392082,8.05,1,0
1201,3,0,male,22.0,0,0,2669,7.2292,1,0
1202,3,0,male,28.0,0,0,392092,8.05,1,0
1203,3,0,male,40.0,0,0,349251,7.8958,1,0
1204,3,0,male,21.0,0,0,STON/O 2. 3101280,7.925,1,0
1205,3,1,female,18.0,0,0,3101265,7.4958,0,1
1206,3,0,male,4.0,3,2,347088,27.9,1,0
1207,3,0,male,10.0,3,2,347088,27.9,1,0
1208,3,0,female,9.0,3,2,347088,27.9,0,1
1209,3,0,female,2.0,3,2,347088,27.9,0,1
1210,3,0,male,40.0,1,4,347088,27.9,1,0
1211,3,0,female,45.0,1,4,347088,27.9,0,1
1212,3,0,male,28.0,0,0,349214,7.8958,1,0
1213,3,0,male,28.0,0,0,SOTON/OQ 392086,8.05,1,0
1214,3,0,male,28.0,0,0,315037,8.6625,1,0
1215,3,0,male,28.0,0,0,384461,7.75,1,0
1216,3,1,female,28.0,0,0,335432,7.7333,0,1
1217,3,0,male,19.0,0,0,348124,7.65,1,0
1218,3,0,male,30.0,0,0,A.5. 18509,8.05,1,0
1219,3,0,male,28.0,0,0,A.5. 3236,8.05,1,0
1220,3,0,male,32.0,0,0,STON/OQ. 369943,8.05,1,0
1221,3,0,male,28.0,0,0,349208,7.8958,1,0
1222,3,0,male,33.0,0,0,349239,8.6625,1,0
1223,3,1,female,23.0,0,0,CA. 2314,7.55,0,1
1224,3,0,male,21.0,0,0,A/4 45380,8.05,1,0
1225,3,0,male,60.5,0,0,3701,14.4542,1,0
1226,3,0,male,19.0,0,0,349205,7.8958,1,0
1227,3,0,female,22.0,0,0,7553,9.8375,0,1
1228,3,1,male,31.0,0,0,STON/O 2. 3101288,7.925,1,0
1229,3,0,male,27.0,0,0,315083,8.6625,1,0
1230,3,0,female,2.0,0,1,347054,10.4625,0,1
1231,3,0,female,29.0,1,1,347054,10.4625,0,1
1232,3,1,male,16.0,0,0,SOTON/OQ 392089,8.05,1,0
1233,3,1,male,44.0,0,0,STON/O 2. 3101269,7.925,1,0
1234,3,0,male,25.0,0,0,SOTON/OQ 392076,7.05,1,0
1235,3,0,male,74.0,0,0,347060,7.775,1,0
1236,3,1,male,14.0,0,0,7538,9.225,1,0
1237,3,0,male,24.0,0,0,350035,7.7958,1,0
1238,3,1,male,25.0,0,0,350033,7.7958,1,0
1239,3,0,male,34.0,0,0,363294,8.05,1,0
1240,3,1,male,0.4167,0,1,2625,8.5167,1,0
1241,3,0,male,28.0,1,0,2621,6.4375,1,0
1242,3,0,male,28.0,0,0,2681,6.4375,1,0
1243,3,0,male,28.0,0,0,2684,7.225,1,0
1244,3,1,female,16.0,1,1,2625,8.5167,0,1
1245,3,0,male,28.0,0,0,32302,8.05,1,0
1246,3,0,male,28.0,1,0,376564,16.1,1,0
1247,3,1,female,28.0,1,0,376564,16.1,0,1
1248,3,0,male,32.0,0,0,STON/O 2. 3101293,7.925,1,0
1249,3,0,male,28.0,0,0,383121,7.75,1,0
1250,3,0,male,28.0,0,0,349216,7.8958,1,0
1251,3,0,male,30.5,0,0,364499,8.05,1,0
1252,3,0,male,44.0,0,0,364511,8.05,1,0
1253,3,0,male,28.0,0,0,2673,7.2292,1,0
1254,3,1,male,25.0,0,0,LINE,0.0,1,0
1255,3,0,male,28.0,0,0,2641,7.2292,1,0
1256,3,1,male,7.0,1,1,2650,15.2458,1,0
1257,3,1,female,9.0,1,1,2650,15.2458,0,1
1258,3,1,female,29.0,0,2,2650,15.2458,0,1
1259,3,0,male,36.0,0,0,349247,7.8958,1,0
1260,3,1,female,18.0,0,0,4138,9.8417,0,1
1261,3,1,female,63.0,0,0,4134,9.5875,0,1
1262,3,0,male,28.0,1,1,A/5. 851,14.5,1,0
1263,3,0,male,11.5,1,1,A/5. 851,14.5,1,0
1264,3,0,male,40.5,0,2,A/5. 851,14.5,1,0
1265,3,0,female,10.0,0,2,345773,24.15,0,1
1266,3,0,male,36.0,1,1,345773,24.15,1,0
1267,3,0,female,30.0,1,1,345773,24.15,0,1
1268,3,0,male,28.0,0,0,345777,9.5,1,0
1269,3,0,male,33.0,0,0,345780,9.5,1,0
1270,3,0,male,28.0,0,0,345770,9.5,1,0
1271,3,0,male,28.0,0,0,345783,9.5,1,0
1272,3,0,male,47.0,0,0,345765,9.0,1,0
1273,3,0,female,18.0,2,0,345764,18.0,0,1
1274,3,0,male,31.0,3,0,345763,18.0,1,0
1275,3,0,male,16.0,2,0,345764,18.0,1,0
1276,3,0,female,31.0,1,0,345763,18.0,0,1
1277,3,1,male,22.0,0,0,2658,7.225,1,0
1278,3,0,male,20.0,0,0,350416,7.8542,1,0
1279,3,0,female,14.0,0,0,350406,7.8542,0,1
1280,3,0,male,22.0,0,0,349252,7.8958,1,0
1281,3,0,male,22.0,0,0,345767,9.0,1,0
1282,3,0,male,28.0,0,0,359309,8.05,1,0
1283,3,0,male,28.0,0,0,C.A. 49867,7.55,1,0
1284,3,0,male,28.0,0,0,SOTON/OQ 3101316,8.05,1,0
1285,3,0,male,32.5,0,0,345775,9.5,1,0
1286,3,1,female,38.0,0,0,2688,7.2292,0,1
1287,3,0,male,51.0,0,0,347064,7.75,1,0
1288,3,0,male,18.0,1,0,3101267,6.4958,1,0
1289,3,0,male,21.0,1,0,3101266,6.4958,1,0
1290,3,1,female,47.0,1,0,363272,7.0,0,1
1291,3,0,male,28.0,0,0,3410,8.7125,1,0
1292,3,0,male,28.0,0,0,S.O./P.P. 751,7.55,1,0
1293,3,0,male,28.0,0,0,A/5 2466,8.05,1,0
1294,3,0,male,28.5,0,0,54636,16.1,1,0
1295,3,0,male,21.0,0,0,SOTON/OQ 3101317,7.25,1,0
1296,3,0,male,27.0,0,0,315154,8.6625,1,0
1297,3,0,male,28.0,0,0,A/4. 34244,7.25,1,0
1298,3,0,male,36.0,0,0,345771,9.5,1,0
1299,3,0,male,27.0,1,0,2659,14.4542,1,0
1300,3,1,female,15.0,1,0,2659,14.4542,0,1
1301,3,0,male,45.5,0,0,2628,7.225,1,0
1302,3,0,male,28.0,0,0,2647,7.225,1,0
1303,3,0,male,28.0,0,0,2627,14.4583,1,0
1304,3,0,female,14.5,1,0,2665,14.4542,0,1
1305,3,0,female,28.0,1,0,2665,14.4542,0,1
1306,3,0,male,26.5,0,0,2656,7.225,1,0
1307,3,0,male,27.0,0,0,2670,7.225,1,0
1308,3,0,male,29.0,0,0,315082,7.875,1,0
